{"K7B50iaE/z7gBNvc+Zvwkw==":"mesa%20de%20trabajo%2017%20copia%2016-122x80.png","JVCOb2zFeqT/HCp4oCOMNg==":"mesa%20de%20trabajo%2017%20copia%208-186x122.png","3zZBbwXTA15CsXaEOM7Izw==":"mesa%20de%20trabajo%2017%20copia%208-186x122.png","DBnyxQCWEbv8azoVLoQWQw==":"mesa%20de%20trabajo%2017%20copia%208-186x122.png","tzdrkZbUVfF3X/FRWjAgFA==":"imagen%201-83x77.png","oVik1lMlE0fzMFHqhwtSNA==":"imagen%201-132x86.png","y3VOXfnbe/cPkm28mKUY4A==":"imagen%201-132x86.png","XNFh+BoX3xEg6sUAuL0KwQ==":"imagen%201-132x86.png","n5Mq+M8lE5nWyRjQTYWhBw==":"imagen%201-132x86.png","5qWBS73o7i3r4+9d5bOPhQ==":"mesa%20de%20trabajo%2017%20copia%2016-394x259.png","EykTl6bOoRpiQYmk5jW4Wg==":"mesa%20de%20trabajo%2017%20copia%208-316x208.png","AG91LmO2LN75oQjDO6aeuQ==":"mesa%20de%20trabajo%2017%20copia%208-316x208.png","blywbj7MFmBhyKz9gUQ4hg==":"mesa%20de%20trabajo%2017%20copia%208-122x80.png","mMOtMrRCCEuxGXJp2DjMdA==":"mesa%20de%20trabajo%2017%20copia%208-122x80.png","cF/bdvKyZkO51ogIHCohaA==":"mesa%20de%20trabajo%2017%20copia%208-414x272.png","LvMwDl320eNrjxLI8szKVg==":"imagen%201-390x255.png","9lFiwg+IKJrjHaJl5WpF7Q==":"captura%20de%20pantalla%202019-10-30%20a%20la(s)%2011.53.16-1774x788.jpeg","J2mizjz+dmRTyFAhjWcakw==":"chicas-2000x851.png","oRzsCfTqe6SWhlRem9Y/hQ==":"imagen%201-390x255.png","YfsjyL/tFqsMIzWxu9FdxA==":"imagen%201-2000x345.png","XkRtkF8fsqggmzYd0jnXIw==":"imagen%201-2000x345.png","liWD7mKsgrqDxpomAQ2wVA==":"imagen%201-2000x345.png","HQ9JPKr75vZ7pf3VhIZ/Ww==":"imagen%201-2000x345.png","9d3cnhkWcvefAox19VdWfw==":"imagen%201-2000x345.png","EurTMQzQUOGYIumAYxh8PA==":"imagen%201-2000x345.png","+PVuiaeeX7jdFzMySP2MHw==":"imagen%201-2000x345.png","/f6KaPwt6NDNMzk3SKeyRQ==":"captura%20de%20pantalla%202019-11-04%20a%20la(s)%2014.43.46-1880x352.png","/s35jL8LPsi0ZTw6Ye8kWA==":"captura%20de%20pantalla%202019-11-04%20a%20la(s)%2014.43.46-1880x352.png","q6U05g7oUBQjwlhIDXjbpA==":"imagen%202-2000x396.png","+px4ynYhS5PeEkcb7dLOyg==":"captura%20de%20pantalla%202019-11-04%20a%20la(s)%2015.07.35-1880x410.png","AJZAbTgY+H/faQLG/fttMg==":"captura%20de%20pantalla%202019-11-04%20a%20la(s)%2015.16.53-1192x1086.png","EvYADX7aGuVGo75JB71cKg==":"imagen%203-192x174.png","oajzeV8mh5UvRnFcaaNKmw==":"imagen%203-192x174.png","06QssxQvOcrM/3zXF6EirQ==":"imagen%203-192x174.png","r3GWDjFQ9Td6uygHxgTIEw==":"imagen%203-212x192.png","AjHgAWzr4rOK0IkQ/MdDLQ==":"imagen4-224x148.png","GvIxzkB2u4gKSfG0O4qKGA==":"captura%20de%20pantalla%202019-11-04%20a%20la(s)%2017.37.29-290x91.png","FTxP5kkVuZHdArglRmWxow==":"i-612x402.png","grWuHFBWO0x8e0M6+zBUIw==":"captura%20de%20pantalla%202019-11-04%20a%20la(s)%2018.36.28-1890x794.png","pbf0/m0sJmwrKlEs6OkIVQ==":"background2.jpeg","RN4lS59j4+1f8JyRyHRdNg==":"background2-1.jpeg","dq1cUMC9wr1PkLQEaj92Kw==":"captura%20de%20pantalla%202019-11-04%20a%20la(s)%2015.16.53-1014x924.png","imADquibKdpDCokYjT15qw==":"imagen%203-241x218.png","lm5MaOpOW9q0wJ2J9yNbTg==":"captura%20de%20pantalla%202019-11-05%20a%20la(s)%2009.12.27-1014x764.png","WkuHDr4S+uibj3/Z1M2QKw==":"captura%20de%20pantalla%202019-11-05%20a%20la(s)%2009.16.23-1792x982.png","ZvQ4D+ZN6+IJeNKYPPrzGw==":"joven1-908x625.png","o/3yBaPdU/Vg0w7h3q9ADQ==":"captura%20de%20pantalla%202019-11-05%20a%20la(s)%2009.50.38-1874x992.png","sobAUIvXtbS7rXiuknhrUA==":"captura%20de%20pantalla%202019-11-05%20a%20la(s)%2010.02.05-1014x826.png","P6S6onzCJlLPSiEH2RXkXg==":"captura%20de%20pantalla%202019-11-05%20a%20la(s)%2010.08.16-1642x836.png","msSj88Yc7UbR/4sdd4hHIw==":"imagen%201-329x341.png","sN6sJUU17sCsJ1nl2tST9w==":"imagen%205-797x339.png","tB2/oswvxtBlcZa6ndQceA==":"imagen%201-329x341.png","8/wjxnYr5xdX4z5XydY31Q==":"imagen%201-329x341.png","wmXGc6+xxGCrONRGXbao0Q==":"imagen%201-329x341.png","5rKxjhec6p+YBzEdKyOTQw==":"imagen%201-329x341.png","7HnO1MjFFzFNfnyrnNnrQw==":"captura%20de%20pantalla%202019-11-05%20a%20la(s)%2011.24.05-1014x730.png","gmascEnFuxBVoeQDO80/nQ==":"captura%20de%20pantalla%202019-11-05%20a%20la(s)%2011.33.45-1536x834.png","lZD6WFzHvSnKTuDeDTD4yg==":"imagen%201-1014x732.png","U79ZPNJcGpKFhsKyCKE4Bw==":"captura%20de%20pantalla%202019-11-05%20a%20la(s)%2012.09.03-1900x1066.png","inVZ4gUbfuG59WayMOmUyA==":"captura%20de%20pantalla%202019-11-05%20a%20la(s)%2012.12.19-1872x1038.png","kQEDacUyugpo081roIvdsw==":"captura%20de%20pantalla%202019-11-05%20a%20la(s)%2012.14.09-1886x968.png","afD6csvZ07yp8PbOcRQCvw==":"captura%20de%20pantalla%202019-11-05%20a%20la(s)%2012.39.29-1014x1097.png","eLATZr/UmDCXRyMuiAsXJw==":"funnel-887x927.png","zDNm55gJtTG1ncQ3Mk+W5w==":"captura%20de%20pantalla%202019-11-05%20a%20la(s)%2012.51.13-1664x914.png","UAc7kepzJPkrSn4uqTRvmw==":"background4.jpg","1BwmsSrzQaPT0h18QOVjtA==":"panel-1046x501.png","skJmSNQOnbt3e+wmiVzlFg==":"panel-1080x517.png","ygw99t4d8cJTd/jJO+FEEQ==":"captura%20de%20pantalla%202019-11-05%20a%20la(s)%2013.42.53-1540x904.png","5phe6oxNw1xKRoG/xnoC6Q==":"captura%20de%20pantalla%202019-11-05%20a%20la(s)%2013.49.02-1550x1010.png","mIIbxW0r7dEZSbMPwcoYdg==":"background2.jpg","sT80Y4RCGNBrSInGgrjIuA==":"background3.jpg","iDwBaoKZp7LD/3OVm2N8qw==":"captura%20de%20pantalla%202019-11-05%20a%20la(s)%2013.53.36-1642x800.png","jbS7iwShr9j9MjtrLciW0A==":"captura%20de%20pantalla%202019-11-05%20a%20la(s)%2014.03.41-1766x832.png","KVWeZYEaZ6hhib3jeC878g==":"calendar-1046x752.png","CMklO7aMrp9k5i9v+l6KAw==":"captura%20de%20pantalla%202019-11-06%20a%20la(s)%2011.57.18-1332x700.png","41T7TQFJH8UMaVlRLSLXhw==":"captura%20de%20pantalla%202019-11-06%20a%20la(s)%2012.04.04-1326x694.png","WcwkiYL1NAe1ITD+mfa7/w==":"captura%20de%20pantalla%202019-11-06%20a%20la(s)%2012.06.09-1330x682.png","9NQ8jzrRlmUuZ8Y6wfzhcA==":"imagen%201-987x1058.png","KZT7MS+h9X35lE25JqQFVw==":"imagen%201-745x797.png","gzzF2yc2unBkxBtxRgkZag==":"imagen%201-616x662.png","oOmOwHdxBwXqnWLLQ0Ll6A==":"imagen%201-616x662.png","LB4c9miICxEa7blW+oZh9A==":"imagen%201-639x685.png","eAZtsfP3sEg1XBZTSJaikQ==":"referral-895x1097.png","6AXdLpeEpyxwYh/8brn41Q==":"referral-893x1097.png","6d7v2CLtrdS64RpgrrwfRA==":"captura%20de%20pantalla%202019-11-06%20a%20la(s)%2012.47.34-644x772.png","HednN9jSBbfTT38s8oQmlg==":"base%20de%20candidatos-1046x512.png","kCD/BnYSXRV18S//Dk+quw==":"mbr-1920x1281.jpg","jO5Uk6ufDBBocUY9m5KGMw==":"kpi-727x531.png","oPS9UySBzglaaeZZAmbh4w==":"captura%20de%20pantalla%202019-11-06%20a%20la(s)%2016.32.31-1024x785.png","JYpIldQJNhi3dBrnf3QB4w==":"captura%20de%20pantalla%202019-11-06%20a%20la(s)%2016.32.31-1024x785.jpg","GM7VWBgu+NjTxMch4DPGHA==":"kpi-1-727x531.png","wNY54UUhXfCjkN4lENkueQ==":"mbr-1920x1246.jpg","h835hmti1GLQ8loDu7FiKw==":"mbr-1920x1335.jpg","5qzd0f8eXKDczPGERNtY9Q==":"ai-cerebro-1014x965.jpg","VWl1JDQLxB4kSMKsLo+9qg==":"ai-cerebro-1014x965.jpeg","2zGYxcA+pqnjGI+6414deQ==":"captura%20de%20pantalla%202019-11-04%20a%20la(s)%2017.37.29-192x60.png","RKwfEAb6PQLxznmk3qRlww==":"imagen4-514x339.png","6+/yDYhFL4uU+boiNkCqzw==":"i-292x192.png","sDgAvRJytznaSyhAjgqQrQ==":"captura%20de%20pantalla%202019-11-07%20a%20la(s)%2011.27.42-866x1068.png","T+NZeId6jV9ayEf3lFDHrw==":"imagen4-192x127.png","pa5Dkwo/T1qgW/t0h+fQvA==":"background5.jpg","RCsSiok5gXwR603KcSFExw==":"captura%20de%20pantalla%202019-11-04%20a%20la(s)%2015.16.53-1014x924.png","b/3J8DA4SIK1qKQ7wcczVQ==":"captura%20de%20pantalla%202019-11-08%20a%20la(s)%2012.44.15-1014x632.png","/I4ePtKzaYaBoxyZFu27Nw==":"captura%20de%20pantalla%202019-11-08%20a%20la(s)%2013.13.51-870x978.png","sjvCpQObWT0c+vOkIz0mPA==":"referral%202-650x732.png","46EhMyZvJGHaOwSKmK+Ocg==":"captura%20de%20pantalla%202019-11-08%20a%20la(s)%2013.22.24-1014x661.png","wcdbmvywbbYCg4uCqYTeOQ==":"referrals3-1014x673.png","gB/37MeI4uG/I/G/ZdSahA==":"dsds-1046x426.png","fqaSZaemQH/ZAaSDKbp6tQ==":"dsds-1-1046x426.png","iAe+3t3cGdrHQ7N1yeSEzQ==":"dsds-2-1046x426.png","zn0BH3LrzVLQEKS7jV+G7w==":"dsds-3-1046x426.png","cVirY/BIbKBplWB0+qwz6w==":"captura%20de%20pantalla%202019-11-10%20a%20la(s)%2016.57.44-1046x507.png","2N2rIN/th27N4dwGMeXmTg==":"imagen%201-1046x744.png","xmgGfCC14PI04jF+DSPhkg==":"imagen%201-663x470.jpg","d2B0qPcLU0jYtscfKFfs7w==":"imagen%201-1046x426.png","Mtysizw4wC/aw2uBFi9uDQ==":"imagen%201-583x388.jpg","90X9CL9/tt3nqe2h7yv5nQ==":"imagen%201-1046x512.png","BowGpTZ6HylDC0Pdi6QaBg==":"imagen%201-727x531.png","d25nCXcEYEmnakjMUegfrw==":"calendar-1046x739.png","wwV8UIVeRB8KahYu0eKoRw==":"imagen%201-1046x501.png","W6dh6YM9m/HcE7RgDz+kXA==":"imagen%201-1046x744.png","nzg9NVIHFKeC1qWoHqOCVA==":"imagen%201-1046x744.png","HzSBDa3ij3hireIqXjQJ/A==":"imagen%201-727x531.png"}